"filename", "language", "XML", "C#", "JSON", "Properties", "comment", "blank", "total"
"c:\DEV\Csharp\GridSystem\GridSystem\Direction.cs", "C#", 0, 5, 0, 0, 0, 2, 7
"c:\DEV\Csharp\GridSystem\GridSystem\Grid.cs", "C#", 0, 87, 0, 0, 13, 20, 120
"c:\DEV\Csharp\GridSystem\GridSystem\GridRendererRaylib.cs", "C#", 0, 136, 0, 0, 2, 37, 175
"c:\DEV\Csharp\GridSystem\GridSystem\GridSystem.csproj", "XML", 15, 0, 0, 0, 0, 5, 20
"c:\DEV\Csharp\GridSystem\GridSystem\GridTile.cs", "C#", 0, 14, 0, 0, 0, 2, 16
"c:\DEV\Csharp\GridSystem\GridSystem\IGridRenderer.cs", "C#", 0, 7, 0, 0, 0, 3, 10
"c:\DEV\Csharp\GridSystem\GridSystem\Program.cs", "C#", 0, 47, 0, 0, 23, 26, 96
"c:\DEV\Csharp\GridSystem\GridSystem\bin\Debug\net11.0\GridSystem.deps.json", "JSON", 0, 0, 111, 0, 0, 0, 111
"c:\DEV\Csharp\GridSystem\GridSystem\bin\Debug\net11.0\GridSystem.runtimeconfig.dev.json", "JSON", 0, 0, 8, 0, 0, 0, 8
"c:\DEV\Csharp\GridSystem\GridSystem\bin\Debug\net11.0\GridSystem.runtimeconfig.json", "JSON", 0, 0, 12, 0, 0, 0, 12
"c:\DEV\Csharp\GridSystem\GridSystem\obj\Debug\net11.0\.NETCoreApp,Version=v11.0.AssemblyAttributes.cs", "C#", 0, 3, 0, 0, 1, 1, 5
"c:\DEV\Csharp\GridSystem\GridSystem\obj\Debug\net11.0\GridSystem.AssemblyInfo.cs", "C#", 0, 9, 0, 0, 9, 5, 23
"c:\DEV\Csharp\GridSystem\GridSystem\obj\Debug\net11.0\GridSystem.GeneratedMSBuildEditorConfig.editorconfig", "Properties", 0, 0, 0, 18, 0, 1, 19
"c:\DEV\Csharp\GridSystem\GridSystem\obj\Debug\net11.0\GridSystem.GlobalUsings.g.cs", "C#", 0, 8, 0, 0, 1, 1, 10
"c:\DEV\Csharp\GridSystem\GridSystem\obj\GridSystem.csproj.nuget.dgspec.json", "JSON", 0, 0, 1146, 0, 0, 0, 1146
"c:\DEV\Csharp\GridSystem\GridSystem\obj\GridSystem.csproj.nuget.g.props", "XML", 15, 0, 0, 0, 0, 0, 15
"c:\DEV\Csharp\GridSystem\GridSystem\obj\GridSystem.csproj.nuget.g.targets", "XML", 6, 0, 0, 0, 0, 0, 6
"c:\DEV\Csharp\GridSystem\GridSystem\obj\project.assets.json", "JSON", 0, 0, 504, 0, 0, 0, 504
"c:\DEV\Csharp\GridSystem\RaylibExt\Lines.cs", "C#", 0, 84, 0, 0, 0, 18, 102
"c:\DEV\Csharp\GridSystem\RaylibExt\RaylibExt.csproj", "XML", 10, 0, 0, 0, 0, 4, 14
"c:\DEV\Csharp\GridSystem\RaylibExt\bin\Debug\net11.0\RaylibExt.deps.json", "JSON", 0, 0, 80, 0, 0, 0, 80
"c:\DEV\Csharp\GridSystem\RaylibExt\obj\Debug\net11.0\.NETCoreApp,Version=v11.0.AssemblyAttributes.cs", "C#", 0, 3, 0, 0, 1, 1, 5
"c:\DEV\Csharp\GridSystem\RaylibExt\obj\Debug\net11.0\RaylibExt.AssemblyInfo.cs", "C#", 0, 9, 0, 0, 9, 5, 23
"c:\DEV\Csharp\GridSystem\RaylibExt\obj\Debug\net11.0\RaylibExt.GeneratedMSBuildEditorConfig.editorconfig", "Properties", 0, 0, 0, 18, 0, 1, 19
"c:\DEV\Csharp\GridSystem\RaylibExt\obj\Debug\net11.0\RaylibExt.GlobalUsings.g.cs", "C#", 0, 8, 0, 0, 1, 1, 10
"c:\DEV\Csharp\GridSystem\RaylibExt\obj\RaylibExt.csproj.nuget.dgspec.json", "JSON", 0, 0, 387, 0, 0, 0, 387
"c:\DEV\Csharp\GridSystem\RaylibExt\obj\RaylibExt.csproj.nuget.g.props", "XML", 15, 0, 0, 0, 0, 0, 15
"c:\DEV\Csharp\GridSystem\RaylibExt\obj\RaylibExt.csproj.nuget.g.targets", "XML", 6, 0, 0, 0, 0, 0, 6
"c:\DEV\Csharp\GridSystem\RaylibExt\obj\project.assets.json", "JSON", 0, 0, 462, 0, 0, 0, 462
"c:\DEV\Csharp\GridSystem\WeightedGraph\Vertex.cs", "C#", 0, 13, 0, 0, 0, 4, 17
"c:\DEV\Csharp\GridSystem\WeightedGraph\WeightedEdge.cs", "C#", 0, 7, 0, 0, 0, 2, 9
"c:\DEV\Csharp\GridSystem\WeightedGraph\WeightedGraph.cs", "C#", 0, 18, 0, 0, 0, 5, 23
"c:\DEV\Csharp\GridSystem\WeightedGraph\WeightedGraph.csproj", "XML", 7, 0, 0, 0, 0, 3, 10
"c:\DEV\Csharp\GridSystem\WeightedGraph\bin\Debug\net11.0\WeightedGraph.deps.json", "JSON", 0, 0, 23, 0, 0, 0, 23
"c:\DEV\Csharp\GridSystem\WeightedGraph\obj\Debug\net11.0\.NETCoreApp,Version=v11.0.AssemblyAttributes.cs", "C#", 0, 3, 0, 0, 1, 1, 5
"c:\DEV\Csharp\GridSystem\WeightedGraph\obj\Debug\net11.0\WeightedGraph.AssemblyInfo.cs", "C#", 0, 9, 0, 0, 9, 5, 23
"c:\DEV\Csharp\GridSystem\WeightedGraph\obj\Debug\net11.0\WeightedGraph.GeneratedMSBuildEditorConfig.editorconfig", "Properties", 0, 0, 0, 18, 0, 1, 19
"c:\DEV\Csharp\GridSystem\WeightedGraph\obj\Debug\net11.0\WeightedGraph.GlobalUsings.g.cs", "C#", 0, 8, 0, 0, 1, 1, 10
"c:\DEV\Csharp\GridSystem\WeightedGraph\obj\WeightedGraph.csproj.nuget.dgspec.json", "JSON", 0, 0, 381, 0, 0, 0, 381
"c:\DEV\Csharp\GridSystem\WeightedGraph\obj\WeightedGraph.csproj.nuget.g.props", "XML", 15, 0, 0, 0, 0, 0, 15
"c:\DEV\Csharp\GridSystem\WeightedGraph\obj\WeightedGraph.csproj.nuget.g.targets", "XML", 2, 0, 0, 0, 0, 0, 2
"c:\DEV\Csharp\GridSystem\WeightedGraph\obj\project.assets.json", "JSON", 0, 0, 386, 0, 0, 0, 386
"Total", "-", 91, 478, 3500, 54, 71, 155, 4349